name,latitude,longitude,address,cuisine,opening_time,closing_time
Nando's,3.1293103,101.6710788,,chicken;portuguese,,
Raju,3.1015806,101.6537986,27,indian,,
Sri Paandi Gasing,3.1019623,101.6534458,,indian,,
Restoran Satellite Chicken Rice,3.106785,101.6535668,Jalan Gasing,chinese,,
Kanna Curry House,3.1069773,101.6534704,Jalan Gasing,indian,,
Tiki Taka,3.1396976,101.6573786,138 Jalan Kasah,,,
Kenji,3.1398007,101.6574403,,japanese,,
La Risata,3.1399714,101.6575375,,,,
Vintry,3.139902,101.657501,,,,
Gasing,3.1022687,101.6530535,,chinese,,
Gin Rik Sha,3.1398406,101.6574617,,indian,,
Jake's Charbroil Steaks,3.1399005,101.658078,21 Jalan Setiapuspa,steak_house;seafood,,
Victoria Station Medan Damansara,3.1397599,101.6579975,11-17 Jalan Setiapuspa,steak,12:00,23:00
Nasi Kandar Pelita,3.1329868,101.6706221,2 Jalan Telawi 5,indian,,
Shuruti Box,3.1321515,101.6718118,18 Jalan Telawi 2,,08:00,1:00
Rocky,3.1327371,101.6716266,15 Jalan Telawi 5,,,
Roots,3.1327486,101.6710378,1 Jalan Telawi 3,,,
The Red Hog,3.1329557,101.6712876,20 Jalan Telawi 5,,,
Nature's Vegetarian,3.1317496,101.6711949,24 Jalan Telawi 3,,,
Uncle Don's,3.1329581,101.6712007,,,,
1977 Ipoh Chicken Rice,3.1068835,101.6535221,105&107 Jalan Gasing,chinese,,
Muhibbah,3.1229028,101.6758676,81 Jalan Bangsar,indian,,
Pizza Hut,3.1288903,101.6798419,23 Jalan Bangsar,pizza,,
The Ganga Cafe,3.1226306,101.6709369,19 Lorong Kurau,indian,,
Basil Thai Nudle Bar,3.129561,101.6710593,G10 Ground Floor,thai,,
Cafe Deli by El Mesón,3.130416,101.6709763,,spanish,,
Baba Low's Bangsar,3.1225022,101.6711018,11 Lorong Kurau,asian,,
Restoran Malabar,3.1037695,101.6659228,,mamak,,
Souled Out,3.1097603,101.6661817,,,,
Streat Thai,3.1096664,101.6647804,,thai,,
Sany Cafe Char Koay Teow,3.1114561,101.6622179,Jalan Kerinchi,regional,,
Suasana,3.121022,101.6756691,,indian,,
Restoran Leeyas Corner,3.1230782,101.6758556,,malay,,
WTF Restaurants,3.1325508,101.673077,98&100 Lorong Maarof,,,
Syed Bistro,3.1283381,101.669392,,,,
Uncle Rahmat,3.1273423,101.6703294,,malaysian;curry;local;asian,08:00,04:00
Churitto’s,3.1283812,101.6793083,Jalan Bangsar,,,
Kannichikan Yakiniku,3.1040527,101.6775651,Jalan Klang Lama,,,
Original Penang Kayu Nasi Kandar,3.1312761,101.6706429,38 Jalan Telawi,indian,,
Sri Nirwana Maju,3.1310615,101.670982,43 Jalan Telawi 3,indian,10:00,02:00
Restoran Al-Mashur,3.1037599,101.6650444,,mamak,,
Western 8,3.1043413,101.677697,Jalan Klang Lama,,12:30,22:00
BBQ Thai,3.1085564,101.678754,,,,
Restoran Riang-Riang,3.1064862,101.6661587,Jalan Pantai Murni,malay,,
Ali Kafe Tom Yam Seafood,3.1167205,101.6696771,,,,
Restoran Haslam,3.1166197,101.668933,Jalan Pantai Baharu,,,
The London Circle,3.1164644,101.667623,Jalan Pantai Baharu,,,
Restoran Amjal,3.1182812,101.6650217,Jalan Pantai Baharu,,,
Warung Rindu,3.1069182,101.669943,,malay,,
Restoran Vargina,3.1037627,101.6654023,,mamak,,
Sushi Jiro,3.1185443,101.6782036,,,,
Guang,3.1301021,101.6709647,,,,
SpitFire,3.1324865,101.6718364,,philipino,,
Bala's Banana Leaf,3.1283439,101.6706188,21 Lorong Ara Kiri 1,malaysian,08:00,24:00
Mahbub,3.1284293,101.6703233,,indian,,
Restoran HSBC,3.1320561,101.6731068,84 Lorong Maarof,,,
Hana Tei,3.1274691,101.6696593,Lrg Ara Kiri 2,japanese,,
Veranda,3.1318212,101.6716196,,burger;indian,12:00,22:30
Breakfast Thieves APW Bangsar,3.1243265,101.6741824,29-05 Jalan Riong,breakfast,09:00,22:00
Yusuf Tom Yam,3.1281002,101.6689388,,asian,,
Dr.inc,3.1296663,101.6798655,,,,
Bistrot Benji’s,3.1293895,101.6708975,,,09:00,22:00
N97,3.1224478,101.6711392,,,,
define:food,3.118256,101.6765064,,,,
NY Burger co,3.1186119,101.6780282,#l3,burger,,
La Juiceria Superfoods Signature,3.1258083,101.6751925,,,,
Masha Hir,3.1057306,101.6780196,,,,
Nihon Kai,3.1062494,101.6789455,,japanese,12:00,15:00
Mitasu,3.1096206,101.6780243,,japanese,12:00,15:00
VCR Bangsar,3.1317291,101.6710183,,coffee;cake,08:30,17:00
Antipodean @ Bangsar,3.1320235,101.6718207,,breakfast;coffee_shop,07:30,22:00
Bai Gra Pow,3.1324664,101.6705875,,thai,,
Q Bistro,3.1314803,101.6718099,,indian,,
Paya Goyang@Bazaria Nasi Lemak Hari Ini,3.1069376,101.6695734,GM7.05 Pusat Perniagaan Bazaria Pantai Permai Jalan Pantai Permai 2,asian,07:00,19:00
Hong Kong Hot Pot,3.1311193,101.6709802,,chinese,,
Mercat Barcelona,3.1307986,101.6709679,,spanish,,
Sri Ayutthaya,3.1394884,101.6578411,,thai,11:00,23:00
BIRCOS,3.1396237,101.6579262,,indian,,
Pinch,3.138168,101.6688008,,italian,,
Beauty In The Pot,3.1192049,101.6756997,"Lot T-201B The Gardens Mall, Lingkaran Syed Putra, Mid Valley City",chinese;hotpot,11:00,22:00
Eatomo,3.1318909,101.6716209,,,,
Rising Son,3.1318334,101.671195,,,,
Sumi,3.1319553,101.6716272,,,,
Idli Only Cafe,3.1324668,101.6723031,64 Jalan Maarof,indian,,
Maria's SteakCafe,3.1322693,101.6722977,58 Jalan Maarof,steak_house,,
Anjappar Indian Chettinad Restaurant,3.132203,101.6722981,,indian,,
Hadramawt Kitchen,3.1319419,101.6722803,,middle_eastern;yemeni,,
W1 Dining & Cocktails,3.1319573,101.6718223,,,,
Pasta Panas,3.1329355,101.6718686,,,,
Ril's Bangsar,3.1329395,101.6716661,,,,
XXVI,3.1329449,101.6715226,,,,
Glitz,3.1329716,101.6707541,,,,
Upperhouse Kitchen & Dessert Bar,3.1318401,101.671023,,,,
Alexis Bistro,3.1317946,101.6710217,,,11:00,01:00
Table9,3.1320604,101.6710284,,italian,10:30,23:00
Restoran Berjaya,3.131735,101.6705663,,,,
Roost,3.1301724,101.6709718,,western,11:30,23:30
Mockingbird,3.1301931,101.6709719,,,,
Bait,3.1302834,101.670975,,seafood,,
The Social @ Bangsar,3.1305602,101.6709802,,,,
Super Saigon Bangsar KL - Pho Beef Noodle,3.1381164,101.6693267,,vietnamese,,
Fellini,3.1073667,101.6532845,Jalan Gasing,italian,,
Ayam Penyet Best Station,3.1118647,101.6681588,,,,
Buena Brasa,3.1103103,101.6672534,,spanish,12:00,22:00
"Tom, Dick & Harry's",3.1103529,101.6670684,,,11:00,01:00
The Public House,3.1103448,101.6674262,,,12:00,23:00
The Farm Foodcraft,3.1103874,101.668099,,,10:00,22:00
Rasa Viet,3.1102384,101.6678423,,vietnamese,10:00,22:00
Portofino,3.1103176,101.6677333,,italian,10:30,23:00
Five O'clock,3.110342,101.6676903,,,09:30,23:00
Nyonya Tingkat Signature,3.1108775,101.6677933,,,08:00,22:00
Koffie Craft - Dutch Restaurant & Café,3.110851,101.6679475,,dutch,10:00,22:00
"Ali, Muthu & Ah Hock",3.1108487,101.6680451,,malaysian,08:00,22:00
Take A Bow,3.1108739,101.6676682,,,,
Tonkatsu,3.1108565,101.6673566,,,,
Oiso,3.110853,101.6672054,,korean,,
The Porki Culture,3.1108552,101.6671384,,,,
Home Noodle,3.1108533,101.6670454,,,,
Oriental Treasure,3.1105639,101.6676135,,chinese,10:00,23:00
Haidilao Hot Pot,3.1304832,101.6718207,,chinese;hot_pot,,
Wok It,3.1280705,101.6785915,38 Jalan Bangsar Utama 1,,,
Nasi Kandar Rasmeena,3.1281193,101.6792333,44 Jalan Bangsar,,,
Fathima,3.127602,101.677553,10 Jalan Bangsar Utama 1,,,
Annapuurnam Chetinad,3.131737,101.6730631,74 Lorong Maarof,,,
Portofino,3.1279701,101.6705155,,italian,,
Simple Life,3.1279979,101.6703623,,,,
Wurst,3.1280601,101.6701122,,,,
Ombak Kitchen,3.1274419,101.6697857,,,,
Khan’s Indian Cuisine,3.1107539,101.666996,,indian,12:00,22:00
Lubuk Bangku,3.1316326,101.6779438,25 Jalan Abdullah,,,
Fittie Sense,3.1320155,101.671022,,,,
PIDEZZA,3.1136934,101.6632823,,italian_pizza;turkish,10:00,22:00
Bean Jr.,3.1187331,101.6772357,"Lot LG-013, LG Floor, Mid Valley Megamall Linkaran Syed Putra",dessert;snack,10:00,22:00
Ishin,3.102705,101.6779272,,japanese,,
Pak Abu,3.1160763,101.6686357,,,,
Umi Omakase,3.1116142,101.6681715,,,,
Gravy Baby,3.1279749,101.6757555,,,,
Sagar,3.127653,101.676003,,,,
Salam Noodles,3.1281212,101.6781295,28;30 Jalan Bangsar Utama 1,,,
Restoran Selera,3.1284873,101.6788731,54 Jalan Kemuja,,,
Bo + co,3.1106827,101.6663335,,,,
Botanica Deli,3.1106999,101.6662217,,,,
Darwish Tomyam,3.1023148,101.6743117,,,,
An Nam Lush,3.113248,101.6654244,,,,
Kubis & Kale,3.1131902,101.6650507,,,,
Nasi Ayam Kunyit,3.1208851,101.654063,,,,
Restoran Munah,3.1121082,101.6625232,,,,
Warung Saffnur,3.1122117,101.6629208,,,,
Kerinchi Food Corner,3.1123584,101.6626329,,,,
Restoran Nabila Corner,3.1168475,101.6676358,,,,
Ayam Goreng Kunyit Atok Chan,3.1129279,101.6634968,,,,
Home Secrets Cafe,3.1151145,101.6688026,,,,
The Servery,3.1151351,101.668386,,,,
Pantai Arj Sweet,3.1099164,101.6692811,,,,
Gajaa at 8,3.1281293,101.675612,,indian,12:00,15:30
Pak Ya,3.1163386,101.6679441,,,,
Tip Top Chicken Chop,3.1090209,101.6695942,,,,
Warung Kerinchi Nasi Campur,3.109943,101.6696696,,,,
Smores,3.1097081,101.6652971,,,,
Edo Ichi,3.1097002,101.6649783,,japanese,,
Si Si Nan Cun,3.1097111,101.6651224,,,,
Hock Kee Kopitiam,3.1097075,101.6656417,,,,
Arigato,3.1097156,101.6652016,,japanese,,
Mr. Bread & Waffel,3.1254663,101.6610998,,,,
Spicy Hub,3.1050234,101.6772944,,,07:00,23:00
Youmiqi Cuisine,3.1127494,101.6782323,,chinese,,
Bunglow37,3.1323292,101.6771004,,,08:30,02:00
Tom Yam Mek,3.1090454,101.6703104,,,,
ATF Tomyam,3.1076813,101.671836,,,,
Kedai Kopi Tai Choong,3.1067069,101.6786604,,chinese,,
Restoran Hijas,3.113579,101.6619871,,,,
Namaste India,3.1100483,101.6637762,,,,
Tok Janggut Seafood,3.1117045,101.6622011,,,,
Dulce Vida,3.1097036,101.6657171,,,,
Restoran Meng Kee,3.1104148,101.6779475,97 Jalan Klang Lama,chinese,11:30,14:30
Ditan Hot Pot,3.1107556,101.6779283,85,hot_pot,,
Salad Atelier,3.1107199,101.6678441,,,,
Devi's Corner,3.1286395,101.6692782,,indian,,
Clover,3.126603,101.6754379,,,,
Veshakhan,3.131926,101.6730979,80 Lorong Maarof,,,
Indian Spices Village,3.1321116,101.673119,86 Lorong Maarof,,,
Agrain,3.1106555,101.667165,,,11:00,15:30
Khao Man Gai,3.1277837,101.6786744,,,,
Nyonya Tingkat,3.127681,101.6785952,,,,
Kedai Makan Dan Minum Sang Wot,3.12257,101.6755157,Jalan Bangsar,,,
Kyuyo,3.1279617,101.6773672,,,,
Nasi Lemak Shop,3.1169835,101.6773639,,malaysian,10:00,21:30
Saru's,3.1288028,101.6797749,25 Jalan Bangsar,,,
Red Kettle,3.1197606,101.6768196,,,10:00,22:00
Nounou,3.1291651,101.6799512,Jalan Bangsar,noodle,,
Southern Rock Seafood,3.1290579,101.6793559,32;34;36 Jalan Kemuja,seafood,,
One Cup Nasi Lemak Shop,3.1289243,101.6792503,40 Jalan Kemuja,,,
Chinta,3.1292855,101.6795371,24 Jalan Kemuja,,,
Since Then,3.1228062,101.6747635,,,,
Ammi's Corner,3.1225654,101.6745765,,,,
Restoran Masala Monarch,3.1283265,101.6783562,,,,
TGI Fridays,3.1161055,101.6766359,"F-072, First Floor Lingkaran Syed Putra",american,,
PASUM Cafe,3.1237764,101.6590521,,,,
Yuzen,3.1006651,101.6762034,,chinese,,
Souled Out,3.1634678,101.6485601,,,,
Subak,3.1716307,101.6212714,,regional,,
Rasta Food court,3.1587811,101.6264583,,regional,,
Puteri Pencala,3.1575763,101.6278882,,regional,,
Nathalie's Gourmet Studio,3.1709054,101.6663892,A4-1-5 Solaris Dutamas,french,,
Abadi Cafeteria 24 Hours,3.1545143,101.622904,,malaysian,,
Uokatsu,3.1629678,101.6566182,,japanese,,
Cavells,3.1622096,101.6492384,,,,
Kin San Kichi,3.1621454,101.6491686,,japanese,,
Nam Heong,3.1626596,101.6496541,,chicken,,
Naughty Babe Dirty Duck,3.1624399,101.6496327,42 Jalan 25/70A,barbecue;burger;pasta;grill,12:00,00:00
Dae Sa Kwan,3.1624453,101.6497534,,,,
Pelita,3.1621239,101.6501128,,,,
The Oriental Food,3.1950637,101.6302112,,chinese,,
Fatt Kee Kepong,3.1947266,101.6305038,,chinese,,
Ful Lai,3.1950878,101.6305089,,chinese,,
Mo Mo Paradise,3.1938853,101.6305116,,,,
Brilliant Noodle House,3.1941415,101.6304946,,,,
Ketam Steamboat Seafood,3.1936538,101.6305063,,,,
Maple Fish Pot,3.1947193,101.6299623,,,,
CEO Burger,3.1945838,101.6299726,,burger,,
I Love YumCha,3.1937138,101.6299415,,chinese,,
Yong Tou Foo Chan Chan,3.1930525,101.630474,67 Jalan 11/62A,chinese,,
I Village Steamboat,3.1933069,101.6304901,,chinese,,
Jom Sedap,3.1934488,101.6302755,,,,
ToKii Sushi,3.1929132,101.6302755,48 Jalan 8/62A,japanese,,
Home Town Steamboat,3.1928034,101.6305169,,,,
Tai Tao (Big Head) Steamboat,3.1927527,101.6313564,,chinese,,
Juro,3.1938961,101.6316569,,,,
Janwa Thai,3.1939666,101.6308747,,thai,,
New High Lite Seafood,3.1951146,101.6308924,,,,
Ah Fatt,3.1943808,101.6320833,,chinese,,
D'Fortune,3.1950985,101.6295674,,,,
Golden Sweet Home,3.1942415,101.6320833,,,,
Ikar,3.1950931,101.6300368,,,,
New Neighbour,3.1936765,101.6320728,,,,
Double One,3.1950262,101.6320646,,,,
Kee Hiong Klang Bak Kut Teh,3.1944745,101.6320887,,chinese,,
Lim's Kitchen,3.1951065,101.6297954,,,,
Heng Kee Delights Bak Kut Teh,3.1951065,101.6296935,,chinese,,
Tanjung Satu,3.1947584,101.6320807,,,,
Homeli Tasti Food,3.1939844,101.6320807,,,,
Theme,3.1940942,101.6320835,,,,
Eden Dim Sum City,3.193888,101.6320753,,chinese,,
Foh Xin Vegetarian,3.1950958,101.6289854,,,,
Family,3.1946031,101.6320914,,,,
Deng Feng Hiong Bakuteh,3.1950985,101.6292,,chinese,,
Gong Yuan Lou,3.1938746,101.628693,,,,
Kiraku Japanese,3.193887,101.6299517,,japanese,,
Shiang Hee,3.1930697,101.6302669,,chinese,,
Porto Romano,3.1722159,101.6531095,,italian;pizza;pasta;dessert;salad,11:00,23:00
Bestari,3.1705338,101.666529,,,,
Ali Maju Cafe,3.1546346,101.6654677,Lorong Dungun,,,
Nasi Lemak Tanglin,3.1503205,101.6533455,57 Jalan Medan Setia 1,,,
Ola! Korea BBQ,3.1749126,101.6602683,,korean,,
Daorae Korean BBQ,3.1742478,101.6596375,,korean,,
Breadfruits,3.1618374,101.6494978,Jalan 26/70A,,,
Decanter,3.1532311,101.649463,Jalan Setiakasih 5,asian,,
Nando's,3.1655891,101.6536422,,chicken;portuguese,,
方圆方素食馆,3.1981288,101.6366559,,chinese,,
رستوران چوچالان,3.1754158,101.6602606,,,,
Medifoods lifestyle cafe,3.1531511,101.6213755,,,,
KGB,3.1527991,101.6207085,,burger;american,10:00,22:30
Chequers,3.1533585,101.6222608,,breakfast,,
123 Corner Restaurant,3.1615419,101.6255938,Jalan Sungai Penchala,seafood;malay;western,6:30,12:15
Al-Bidayah,3.1537833,101.6225463,,indian;malaysian,,
The Social,3.1870451,101.6281826,,western,,
Onde,3.1869875,101.6281414,,malaysian,,
Café Deli by El Mesón,3.1868716,101.6280564,,,,
Nando's,3.1867268,101.6277127,Persiaran Residen,chicken;portuguese,,
Dragon-i,3.1867057,101.6277943,Persiaran Residen,chinese,,
Xi Gong Seafood Restaurant,3.1952234,101.6445684,19-23 Jalan Helang Sewah,chinese,,
San Francisco Coffee,3.171204,101.6668823,,,,
The Barn,3.1871316,101.6283221,,,,
The Beato,3.1716256,101.6654313,,steak_house,,
Marta's Kitchen,3.1644765,101.6522478,,tapas;paella;spanish;sandwich;pasta;dessert,11:30,23:30
The Majapahit,3.1679744,101.6525103,,indian,12:00,01:00
The Social,3.1711935,101.6670276,,,,
Ben's,3.1709551,101.6668065,,,,
Two Sons,3.1706619,101.6670177,,bistro,,
Healy Mac's,3.1706766,101.666936,,,,
Mubeen,3.150326,101.6535711,61;63 Jalan Medan Setia 1,middle_eastern,,
Nasi Kandar Imthiyaz,3.1502504,101.6539101,Jalan Medan Setia 1,,,
Char Line Asado + Bar,3.1501488,101.6527094,43 Jalan Medan Setia 1,barbecue;argentinian,,
Satay Station,3.1743003,101.653667,,malay,,
Epic Fit Meals,3.1743329,101.6532123,,,,
Casa Rosa Restaurant,3.1665066,101.6549022,Jalan Kiara 1,pizza;burger;italian;seafood;french;german;european;pasta;steak_house,12:00,14:15
Sukiya,3.1652299,101.6533055,1st floor Jalan Kiara 1,Sukiyaki,,
Chica Bonita - Publika,3.1711767,101.6672259,"Lot 34, Level G2, Block C5 Publika, Solaris Dutamas",mexican;tex-mex;brunch,10:00,00:00
Restoran Anis Putri,3.1598325,101.6210718,,,,
Padang Kota Bistro,3.1757487,101.6598051,22 Jalan Solaris 4,nasi_kandar,,
Lisette's Café & Bakery,3.1667854,101.6523522,Lot GF-18 Jalan Kiara,coffee_shop_restaurant,8:30,22:00
Restoran OK,3.1536096,101.6230569,Jalan Aminuddin Baki,chinese,,
SS Wanton Noodle,3.1889874,101.6516342,39 Jalan 15/38D,coffee_shop;noodle;chinese;wan_tan_mee,08:00,16:30
Bestari,3.1748783,101.6591222,,,,
Mozer's,3.1644298,101.657215,,syrian,11:00,21:30
Mr. Lim,3.1612352,101.6500945,,korean,,
Kyomo,3.1628126,101.6507478,,yakiniku,,
Rakuzen,3.1713254,101.6646626,,japanese,11:30,15:00
Cili Kampung,3.1634539,101.6562291,,malaysian,12:00,15:30
FoodHall by Kreate,3.1887995,101.6378686,2 Jalan Intisari,regional;burger;italian;chinese;sandwich;asian;korean,08:00,18:00
Sushi Zanmai,3.1653993,101.6535938,,sushi,,
Pizza Hut,3.1848004,101.6460872,,pizza,,
Restoran Sri Segambut,3.1975693,101.6571931,,chinese,,
Sushi & Spice,3.1682755,101.6487521,,sushi,,
Ju Ga & Cook,3.1644184,101.6564263,,korean,10:30,15:00
Uo-sho,3.1637177,101.65735,,japanese,12:00,14:30
Jerry G’s,3.1624594,101.6561386,,,12:00,24:00
Yellow Brick Road,3.1516736,101.6655428,,,,
DV,3.1555489,101.6559683,77 Jalan Setia Bakti,italian,,
La Bodega,3.1552572,101.6561015,,,,
Ahh-Yum,3.1554086,101.6560327,,,,
Nourish,3.1518536,101.6654616,,,,
The Regent Chinese Cuisine,3.1655228,101.6519361,,chinese,12:00,14:30
Nyonya Box,3.1676143,101.6510099,,,08:00,18:00
Pit Stop,3.1868166,101.6696044,,,,
The Ganga Cafe @ Mont Kiara,3.1654902,101.6508759,,indian,09:00,21:00
Jin Jin Soo Ra,3.1658433,101.6514981,,korean,11:00,15:00
Jay Aloki Bhavan,3.1865938,101.6696919,,indian,,
Sticks N Maki,3.1528861,101.6223562,,japanese,,
Leen's,3.1531117,101.6229826,136A Jalan Burhanuddin Helmi,syrian,18:00,23:00
Meat Point,3.152203,101.620421,,steak_house,,
Temerloh Catering Signature,3.1524256,101.621063,,,,
Jasima,3.1527053,101.6218416,,indian;malaysian,,
Cinq Dining,3.1523573,101.6224876,,,18:00,24:00
Aposto,3.1555777,101.6229824,No. 83 Lorong Rahim Kajai 14,italian,18:00,22:00
La Juiceria Superfoods @Verve Suites Mont Kiara,3.1673307,101.646708,,,08:00,22:00
Enoshima,3.1672681,101.6466969,,japanese,,
Fat Olive,3.1673989,101.6467115,,,,
B-Lab1,3.1674888,101.6467207,,,,
La Casa,3.1675681,101.6467326,,spanish,,
Warung Atuk,3.1602576,101.6241872,,malaysian,,
Calisto,3.1607745,101.6216178,,steak_house;malaysian,11:00,23:00
Kanbe Yakiniku,3.1666978,101.652811,,japanese,17:00,24:00
Dai Pai Dong Seafood Restaurant,3.1939527,101.6300446,,chinese;seafood,,
Restoran Warung King,3.1934618,101.6294078,,malaysian;thai,,
Lala King,3.1934585,101.6290642,,seafood,,
Q House,3.1940569,101.6300503,,chinese,,
Jujube Vegetarian House,3.1934532,101.6292116,,,,
Restoran AK Maju,3.1936515,101.6300333,,malaysian;indian,,
Yosen Japanese Shabu Shabu,3.194712,101.6301178,,japanese,,
Ikan Bakar Banjir,3.1983977,101.6691669,,malaysian,11:00,16:30
Firdouse,3.196751,101.6688098,,indian,08:00,23:00
Kumar's,3.1723144,101.6543164,,indian,,
Plates & Palates,3.1812476,101.6645251,,,,
Mano,3.1508644,101.6643969,,mexican;latin_american,17:30,23:00
Kazu,3.1518639,101.6644711,,sushi,,
Raahi Kitchen & Bar,3.1685518,101.6451353,LG2 Amarin Kiara Jalan Desa Kiara 1,bar_and_grill,,
Tiny Food Cafe (Plant-based Goodness),3.1647327,101.65745,,,,
Herbs,3.1723328,101.6550156,Jalan Kiara 2,spanish;french;italian,,
Nasi Lemak Burung Hantu,3.1545316,101.6226358,19 Lorong Rahim Kajai 13,nasi_lemak,,
Rock Salt,3.1640926,101.6565497,,steak_house;italian;dessert,12:00,16:00
Monnalisa,3.1640544,101.6570886,,italian,16:30,22:30
Street Food of Mexico @ Flavors of Mexico,3.1640771,101.6566909,,mexican,12:00,15:00
Safa,3.1644592,101.6561242,,arab,11:00,22:00
Grand Imperial,3.1634305,101.6560186,,chinese,,
Royal Bedouin,3.1633615,101.6556071,,arab;mediterranean,11:30,02:00
Hamza,3.1574055,101.6501616,,indian,,
Napa,3.157686,101.6499082,,thai,12:00,15:00
Wedding biryani,3.1573617,101.6502031,,,10:00,22:00
The Butcher’s Table @ Sri Hartamas,3.157321,101.6502366,11 Jalan Sri Hartamas 7,western,11:00,15:00
Aunty Nat,3.1572332,101.6503131,,peranakan,11:00,15:00
Gold Standard Pho,3.157197,101.650344,,vietnamese,11:00,24:00
Chef Diary,3.157157,101.6503798,,,,
Bistro Léa,3.1571442,101.6504929,,french,09:00,23:00
Ploy,3.1525547,101.6666279,,asian,12:00,15:00
Fin,3.1715799,101.6660728,,salad;wrap,09:30,20:00
Nasi Kandar Deen Bistro,3.1631582,101.6482819,,,,
HAHA Buffet Steamboat BBQ,3.1628111,101.6485899,,,,
Nasi Lemak Double D,3.1885325,101.6532412,17 Jalan 5/38D,malaysian;asian;noodle;western;korean;chicken,12:00,22:00
Sol,3.1811005,101.6646145,,spanish,12:00,02:00
Onde,3.1869875,101.6281414,,malaysian,,
Café Deli by El Mesón,3.1868716,101.6280564,,,,
Nando's,3.1867268,101.6277127,Persiaran Residen,chicken;portuguese,,
Dragon-i,3.1867057,101.6277943,Persiaran Residen,chinese,,
The Barn,3.1871316,101.6283221,,,,
The Social,3.1870451,101.6281826,,western,,
Thong Bowl,3.1711733,101.667339,,,,
Faaz Maju,3.1972196,101.6656521,,,08:00,20:00
Asna Maju,3.1946037,101.6655227,,indian,,
Pizza Hut,3.1658553,101.6521925,,pizza,,
Warung Soho,3.1640358,101.6559548,,,,
Jin Xuan Hong Kong (Sri Hartamas) Sdn. Bhd.,3.1617932,101.6497687,,chinese;dim_sum,,
Nasi padang prima sari ratu,3.1645918,101.6575145,,,,
Zhang la la,3.164412,101.6577331,,,,
Mallar Bistro,3.1621496,101.6485258,,indian,,
The Roomah,3.1709438,101.6674833,Jalan Dutamas 1,malaysian,11:00,22:00
SCC STEAMBOAT 哈尔滨大厨,3.1943104,101.629648,1 Jalan Menjalara Idaman,chinese,,
Restoran Lim Sisters,3.1885164,101.6413697,,chinese,,
Nasi Lemak Burung Hantu,3.1631813,101.6522388,,malaysian,,
Asian Tavern,3.1684985,101.6462844,,chinese,,
Mustardfields by Zukkini,3.1683017,101.646219,,fusion,09:00,22:00
Bacio,3.1683496,101.6463467,,italian,,
Bunny Tong Seui,3.1936812,101.6312225,,chinese;malaysian;dessert,,
The Industry,3.1513867,101.664648,,,,
Kebun Tok Yad,3.1753536,101.6329999,,,,
Super Kitchen Chilli Pan Mee @ 1 Mont Kiara,3.1658311,101.6534793,,chinese,10:00,21:30
Annie Day Coffeetiam,3.1869573,101.6272792,,asian,,
Bistro Eat'z,3.1629908,101.6570239,,,12:00,17:00
Leo's,3.1603929,101.6265263,,,,
Tai Wong TTDI,3.1603343,101.626532,,,,
Taste Of Thai,3.190682,101.6542634,G-22,thai,,
Saikong Kitchen,3.1906677,101.6541111,G-23A,chinese,,
Mixed Rice,3.1927363,101.62569,33;35 Jalan Medan Putra 1,,,
Restoran Roasted Rice & Noodle,3.1928947,101.6256883,29 Jalan Medan Putra 1,,,
Aji Corner,3.1933707,101.6256763,15 Jalan Medan Putra 1,,,
Amigos,3.1937705,101.6256814,1 Jalan Medan Putra 1,,,
Positano Risto,3.1716851,101.6645775,"2 Jln Dutamas 1, Solaris Dutamas",coffee_shop;italian;pasta;seafood,11:00,21:30
En Yeoh’s Bak Kut Teh,3.175517,101.6593413,7 Jalan Solaris 4,chinese,,
Hott Chickk,3.1541738,101.6229237,,chicken,,
Nasi Lemak Burung Hantu,3.1557722,101.6229604,,malaysian,,
Geunyang Gogi Korean BBQ,3.1552986,101.6229576,,korean;barbecue,,
Ipoh Onn Kee Taugeh Ayam,3.1636715,101.6491132,,,,
DUO 双宴 - OUG Seafood Pork Noodle,3.1630301,101.6490248,,,,
All Delicious Restaurant,3.1625652,101.6488295,,,,
Restoran Choong Kok Hong,3.1631201,101.6489368,,,,
Kayu Nasi Kandar,3.09889,101.7121728,,,,
Hanizah Nasi Kandar,3.1126912,101.7160969,,,,
Azzahra,3.1122198,101.7152439,,,,
Kedai kek Cheras,3.1126965,101.7154746,,,,
Yati Jaya,3.1122653,101.7164214,,,,
PappaRich,3.0988814,101.7124869,,malaysian,,
新77,3.1004967,101.7127927,,chinese,,
Golden,3.0575134,101.749449,,,,
Hong Lim Pan Mee,3.0579421,101.7481373,,,,
福建面和涮盘子,3.0579447,101.7480702,,,,
Restoran BRJ Alam Damai,3.0621343,101.7440272,,regional,,
Oldtown Kopitiam The Peak,3.066383,101.7500075,,,,
ABC Food's Corner,3.0545953,101.7508686,,,,
Meng Tuck Vegetarian,3.1182491,101.75981,,regional,,
Hong Kee Dim Sum,3.0575216,101.7472113,,chinese,,
Kar Heong,3.0826662,101.7372238,28 Jalan Waras 1,chinese,,
JC Deli Eatery,3.0582907,101.7484836,21 Jalan 33/154,malaysian,10:00,22:00
Machi Noodle 妈子面,3.0578563,101.7469989,,chinese,,
Sun Ming Kee Restaurant,3.0822975,101.7373992,137 Jalan Sarjana,chinese,,
D'Arab Station,3.0628784,101.7440746,,arab,,
Dapur Ayam Penyet,3.0618356,101.7440436,,asian,,
Ling Long Fishball Shop,3.0626439,101.757729,,chinese,08:00,15:00
My Preference Cantonese Cuisine,3.0717538,101.7428116,,,,
Restoran One Yulek,3.0736171,101.7430507,,,,
Restoran Melur Thai,3.0633851,101.7440637,Jalan Damai Raya 4,malaysian,11:00,23:00
Marhabah,3.0547514,101.7437116,,malaysian;indian;moroccan;asian,,
69 kedai mak,3.1141707,101.7232984,Jalan Sekilau,malaysian,07:00,16:00
Xiong Er Xiang Cai Guan,3.0814588,101.7343536,,chinese,,
HGL Luo Si Fen,3.0808314,101.7331727,,,,
Chapati Recipes,3.0808309,101.7332918,,indian,,
Bidor Station,3.0542583,101.7508922,,,,
Poppo Kanteen,3.0894754,101.7427989,,local,,
Anne Elizabeth The Deli,3.0886082,101.743648,1 Jalan Manis 4,deli;barbecue;hotdog;steak_house;sausage;grill,12:00,23:00
Restoran Nasi Kandar Ali Maju,3.1115444,101.7299179,17 Jalan 2/90,,,
Restoran Dhurbar,3.1026929,101.7331783,,asian;indian,,
Sakura Sushi,3.1024889,101.7324086,Jalan Midah 3,japanese,,
Tosaya,3.1029796,101.7330037,12 Jalan Midah 1,japanese,,
Ye Tian Klang Bak Kut Teh,3.0822871,101.7351111,,,,
Pizza Hut,3.0822853,101.73517,,pizza,,
Restoran Al-Amal,3.0902022,101.7258636,,asian,,
Restoran 21,3.1017975,101.7333379,,,,
RP Food Corner,3.0533085,101.7387265,,asian;indian;mamak,,
Restaurant Tai Kee,3.0529037,101.7367304,,coffee_shop,,
Phi Phi Tomyam,3.0626371,101.7440775,,,,
Mazlina Maju,3.0636878,101.7436523,,,,
PappaRich,3.074129,101.7369925,,malaysian,,
Kedai Kuning,3.0518588,101.7463369,,,,
Ariff Bistro,3.0517234,101.7463216,,,,
Q Bistro Nasi Kandar,3.0989687,101.7125744,,,,
Restoran Jiulixiang,3.1186061,101.7312949,,chinese,,
Restoran Top Star,3.0822644,101.7361275,,chinese,,
Dilly Deli,3.0822927,101.7349289,,deli,,
Zuukamee Pork Noodle House,3.0823017,101.7346336,,,,
Kedai Kopi dan Makan Seong Kee,3.0814167,101.7370525,,chinese,,
Super Kitchen Chilli Pan Mee,3.0814157,101.737233,,noodle,,
Moodcomee Kitchen,3.0963226,101.7451782,Block F-6-279  Segar Apartment Jalan 1A Taman Segar,chinese;thai;taiwanese;vietnamese,10:00,21:00
Pizza Hut,3.0613907,101.7107606,,pizza,,
Padi House Lake Fields,3.0597756,101.7107288,,,08:00,21:30
Abah & Sons Co.,3.0599429,101.7104111,,malay,,
The Soru Station,3.0602259,101.710123,,,,
Restoran Phuket Seafood,3.0633234,101.7101468,,,,
Best Town Cafe,3.1112466,101.7300126,,,,
Dai Ka Hou Kopitiam,3.1140614,101.7222535,,chinese,,
Hakata Izakaya,3.0904154,101.7399931,,,,
Kyochon,3.0908313,101.7398842,,,,
Restoran Steamboat Le Tien,3.0922649,101.7406197,,,,
Klang J.X. Bak Kut Teh,3.0913257,101.7397081,34 Jalan Mutiara Raya,,,
Baan Rao,3.0759183,101.7454658,,,,
Rafeena Curry House,3.0779532,101.7446659,,,,
Hei Hei Kopitiam,3.0541918,101.7370945,,malaysian,,
BM Yam Rice,3.0539492,101.7371289,,asian;malaysian,,
Foodle Alam Damai,3.0674368,101.7428079,120 Jalan Damai Raya 2,,10:00,22:00
12 Mixed Rice,3.1009336,101.7413364,,,,
Restoran Soon Tuck,3.1016768,101.7407381,,,,
Hui Lu,3.1009785,101.7405385,,,,
Mr Duck Teowchew Braised,3.0946086,101.7397603,2,,,
Nam Chau Kopitiam,3.0947885,101.7396975,5,,,
Sik Thong Ba,3.094849,101.7396805,6,,,
FuBoLe Hotpot,3.0952737,101.7395473,13,,,
Sushi Mentai,3.0895066,101.7422645,,sushi,,
Hong Kong Xin Rong Kee,3.076527,101.7420918,,,,
Restoran Aman Bistro,3.0770341,101.7425657,,mamak,,
36 Siam Thai Cuisine,3.0768652,101.7418988,,thai,,
On Fire Restaurant,3.077251,101.7425024,,,,
Malaya Hainan Kafeidian,3.0773856,101.7417469,,,08:30,22:30
Durian Segar Corner,3.0865005,101.742738,,durian,,
Haidilao Hot Pot,3.0860964,101.7427209,,chinese;hot_pot,,
Pin Yuen Noodle House,3.0771371,101.7418229,,noodle,09:00,21:00
Master Lee Hot Pot,3.076678,101.7426017,,chinese;hot_pot,,
Ayam Getok Mantul,3.0760737,101.7432334,,chicken,,
Kuali Bonda,3.0785037,101.7423887,,,,
GotTo Eat,3.0784881,101.7422984,,,,
Restoran PB Mamak Bistro,3.0784586,101.742124,,,,
Restoran Sri Tanjung,3.0784198,101.7419466,,,,
Thai Girl Mookata,3.0785338,101.7424694,,,,
Restoran Kou Tian,3.1018948,101.7416429,,,,
Kui Lum Noodle House,3.1018374,101.7416275,,,,
Jujube Vegetarian House,3.1017174,101.7415895,,,,
Kedai Kopi H.H. Fook,3.1020825,101.7416697,,,,
Hojia Noodles,3.1020168,101.7416645,,,,
Restoran Yankee Noodle House,3.1014763,101.7419483,,,,
Restoran Bahao,3.0994151,101.7416826,,,,
Restoran Yulek,3.0997921,101.7414266,,,,
Taiwanese House,3.0995831,101.7413259,,taiwanese,11:30,21:00
Uncle Long,3.0995576,101.7414404,,,,
Restoran Hau Kee Seafood,3.0996656,101.7411298,,,,
Hee Tong,3.1000666,101.7411625,,,,
Hai Kah Lang,3.1006724,101.7413094,,seafood,,
Restoran San Yulik,3.1003698,101.7412234,,,,
Soon Huat Bak Kut Teh,3.1001883,101.7411793,,,,
Restoran Kaskas,3.0998827,101.7414196,,,,
Kedai Kopi Say Hoi,3.1010419,101.7420508,,,,
Chan Hainam Kopitiam,3.1003623,101.7421176,,,,
Missokimissok,3.1003367,101.7418454,,,,
Ping Hua Kopitiam,3.0994889,101.7416865,,,06:00,15:00
Restoran Hwa Yan Kai,3.1001323,101.74209,,,,
Restoran Tai Kee,3.1015334,101.7433157,,,,
Wah Kiow (Peel Road) Hakka Yong Tou Foo,3.1015355,101.7422156,,,,
Jiu Ding Ji's Roaster & Coffee Maker,3.101637,101.7426845,,,07:30,17:00
Yeng Kee Noodle House,3.1016613,101.7428151,,,,
Restoran Huat Kee Fish Ball Mee,3.1020882,101.7401499,,,,
Almafi Bistro,3.0986412,101.73875,,,,
Kopi Street,3.0985752,101.7387823,,,,
Restoran Hoo Yee,3.0970611,101.739125,,,,
YXX BBQ Buffet Steamboat,3.0983706,101.7391598,,,,
Restoran Samy's Corner,3.0992418,101.7399329,,,,
Restoran 2008 Snow Beer,3.0992403,101.7397854,,,,
Restoran 2008 Snow Beer,3.0996019,101.7397763,,,,
Restoran Aloy Thai Seafood,3.0990489,101.7396865,,thai,,
Restoran 288 Ulek,3.0985019,101.7392176,,,,
JJ Love,3.0986087,101.739303,,,,
Master Keong Restaurant,3.0987292,101.7394004,,,,
Sufi Station,3.0989818,101.7398285,,,,
A1 Bak Kut Teh,3.098852,101.7397335,,,,
GS Al Maju Bistro,3.0997642,101.7399046,,,,
LK Soup House,3.0998868,101.7394422,,,,
M Lounge,3.0999514,101.7394956,,,,
Xin Xian Hot Pot,3.0999883,101.7395541,,,,
Restoran Pattaya Thai Seafood (Snow Beer),3.0998107,101.7393282,,thai,,
Rising Oriental Seafoood,3.0996698,101.7391718,,,,
Restoran Jaja Seafood,3.0997169,101.7392231,,,,
CBC Restaurant,3.0992821,101.7387209,,,,
Kopitiam 7,3.0990301,101.7388433,,,,
Channel,3.0988883,101.738916,,,,
D'Oro Wine & Dine,3.098673,101.7390331,,,,
East 1,3.0993022,101.7391593,,,,
Shen Kee Bak Kut Teh,3.0992258,101.7391926,,,,
Yakitori Haki,3.1010312,101.7400064,,japanese,,
Thai Chef Restaurant,3.1008528,101.7398212,,thai,,
Da Dong Bei,3.1000724,101.7390595,,,,
Mee Tarik Sedap Lan Zhou,3.0770873,101.7422222,,,,
Connaught Chinese Cuisine,3.0768598,101.7419712,,chinese,,
Nasi Kandar BRJ,3.076494,101.7371472,,,,
Five Thousand Years,3.1012951,101.7358483,,,,
Spicy Temptation Restaurant,3.0808394,101.7319382,47 Jalan Menara Gading 1,chinese;malaysian,10:00,22:00
Qalam Bistro,3.0808397,101.7318591,49 Jalan Menara Gading 1,,,
Restoran Hwa Yan Kai,3.1132554,101.7555025,,,,
Restoran Yulek Wan Tan Mee,3.1021135,101.7432536,,,,
Restoran Dim Sum,3.1021787,101.7432518,,dim_sum,,
Yi Yi Fatt Restaurant,3.103466,101.7503706,,,,
Kedai Makanan dan Minuman U-Yi Baru,3.1048278,101.7504558,,,,
Medan Selera Ketumbar Hill Food Court,3.1046156,101.7500709,,,,
Restoran Mother Recipe,3.1047477,101.7502812,,,,
My Red Chili Restaurant,3.0790735,101.7182292,,,,
Dapur Bangkok,3.1063962,101.7464887,,,,
Restoran Mamu Corner,3.1061215,101.746261,,,,
spag.,3.1020511,101.7425236,,,,
Mu-Kra-Tha BBQ,3.1017926,101.742178,,thai,,
Ah Sang Teochew Restaurant,3.1016654,101.7433014,,,,
Good Luck Kopitiam,3.1011729,101.7430819,,,,
Cocopocha,3.1007555,101.7427,,korean;barbecue,,
Restoran Cosy Corner,3.1012482,101.7436434,,,,
Yulek Yong Tau Foo,3.1013384,101.7435671,,,,
Yean Seafood Noodle,3.1001512,101.7421613,,,,
Amigo Bak Kut Teh,3.100305,101.7428135,,,,
Palace Rice Vermicelli,3.1002157,101.7424228,,,,
Hilltop Seafood Kitchen,3.1099668,101.7392559,,,,
Blue Zone Cafe,3.1116983,101.739424,,,,
Restoran Lubiantan ABC,3.1018981,101.7428572,115&116,,,
Al-Qawiy,3.1122873,101.7159634,,,,
Restoran Lala King Hong Bak / Klang Bak Kut Teh,3.0998752,101.7417502,,,,
Ayam Penyet Best Station,3.1013754,101.7411983,,,10:00,22:00
EXA DAMAI Kopitiam 一家大米 (Damai Perdana),3.0543377,101.7382989,30 Jalan Damai Perdana 1/6E,chinese;asian;coffee_shop,09:30,21:30
WEEEE by Welemon,3.0774317,101.7424414,,dessert,,
New Fook Kee Restaurant,3.1060681,101.7473408,,,,
Krua Thai Moo-ka-ta,3.0808363,101.7325547,27 Jalan Menara Gading 1,thai,11:30,18:00
Salt & Fire,3.0983469,101.7443806,,japanese,,
Anne Lourdes,3.0983073,101.7440183,,european;deli,,
Ori di Atlas,3.0983145,101.7440827,,,,
Restoran Mr. Canton Shunde Cuisine,3.0982387,101.7434279,,cantonese,,
龙门星店正宗海南鸡饭,3.0982092,101.7433179,,,,
Restoran Teoh Heng Kee,3.0878723,101.7379912,,,,
Warung Babi Guling Jenny,3.08787,101.7380358,,,,
Green Lane Noodles,3.0878955,101.7375141,,,,
Taste Good Gourmet,3.0879131,101.737215,,taiwanese;japanese,,
Restoran Lim Kee Pan Mee,3.0879176,101.7370452,,,,
Chaos House,3.0879359,101.7366234,,,,
Restoran 1299 DST Pan Mee,3.0877344,101.7366452,,,,
1188 Curry Fish Head and Steam Fish Restaurant,3.0879377,101.7365638,,,,
Cheras Lai Foong Beef Noodle Shop,3.08794,101.7365031,,,,
Hakka Village,3.08794,101.7364429,,,,
Restoran Shun Shun,3.0879435,101.7363833,,,,
Restoran All 2 Eat,3.0879892,101.7356876,,,,
Eng Nam Heng Kopitiam,3.0882931,101.7356737,,,,
Rong Kee & Sons Fishball,3.0886802,101.7356649,,,,
Lan Je Kitchen,3.0888463,101.7356562,,,,
Eons Mamak,3.0889033,101.7356564,,,,
Restoran Taima Food Centre,3.0889439,101.7354356,,,,
WYM Kitchen,3.1012944,101.7419403,,,,
Home Style Fish Cafe,3.1013436,101.7422177,,,,
Teahaus,3.1017313,101.7432956,,,,
Restoran Choong Huat,3.1003626,101.7435605,,,,
Restoran Nasi Kandar MS Maju,3.1127626,101.7295584,,,,
Tastify,3.0999888,101.7333477,,dim_sum,,
Restoran Millenium Curry House (M) Sdn Bhd,3.1167779,101.7454248,,,,
Warung Abe Long Sri Klate,3.1069736,101.7495064,,,,
Restoran Sekinchan Fish Head,3.1059088,101.7455934,,,,
Kam Kitchen,3.1058117,101.7457983,,,,
Jiyo,3.1182665,101.7599419,,,,
肥婆云吞面,3.1182407,101.7597097,,,,
Restoran Phak Wah,3.1128462,101.7560932,,,,
Restoran Seven Eight Seven Eight PLT,3.1123795,101.7552104,,,,
Cekna Mee Celup,3.0637447,101.7116541,No.C16 & C18 Jalan Suasa 5,,12:00,23:00
Cekna Mee Celup,3.063572,101.7117506,No.C16 & C18 Jalan Suasa 5,thai;malaysian,12:30,11:00
Warakuya Japanese Cuisine,3.0903938,101.7423784,,japanese,,
Mi Viet,3.0879413,101.7429241,,vietnamese,,
S11 Mixed Rice,3.0884514,101.7433999,,,,
Ming Si Vegetarian Restaurant,3.0883882,101.7433385,,,,
Southern Kopi,3.0893535,101.7443232,,,,
Restoran Hong Sang,3.0902695,101.7436242,,,,
Restoran Yin He,3.0814085,101.7384939,,,,
Restoran Kai Sheng Bak Kut Teh,3.0814088,101.7384366,,,,
Restoran Gafun,3.0814106,101.7381325,,,,
Yo Me Plus,3.0814139,101.7375384,,taiwanese;japanese,,
Woh Kei Palace,3.0814228,101.7360426,,,,
Oh Yeah Kopitiam,3.0814232,101.7359819,,,,
Restoran Coffee & Tea,3.0814246,101.7355637,,,,
Day & Night Canteen,3.0814384,101.7350724,,,,
Wasabi Plus,3.0814419,101.7349488,,japanese,,
Chuan Yue De Cuisine,3.0815373,101.7312941,,chinese,,
Duo Rou Hot Pot BBQ Buffet,3.0908362,101.7413676,,,,
Romaliya,3.0905507,101.7415233,,italian,,
Bananabro,3.0908078,101.7413932,,,,
Bungkus Kaw Kaw,3.0908053,101.7424871,,,,
Esquire Kitchen,3.0910046,101.7426116,,,,
Go Noodle House,3.0907413,101.7413151,,,,
Hotpot Kitchen Express,3.0908289,101.7415463,,,,
Oiso,3.0906923,101.7420659,,korean,,
Old Nanyang Coffee,3.0907428,101.7424282,,,,
Penang Chendul,3.090883,101.7418576,,,,
Salad Atelier,3.0910234,101.7428848,,salad,,
Simple Life Healthy Vegetarian Restaurant,3.0908334,101.7426083,,,,
Sushi Boy,3.0910753,101.7428148,,sushi,,
Sushihan,3.0910266,101.7430653,,sushi;japanese,,
Tsuen Wan Restaurant,3.0908805,101.7431872,,,,
U-Village Hong Kong Restaurant,3.0906483,101.7413285,,,,
Empire Sushi,3.090794,101.7418265,,sushi,,
Olis Mamak Bistro,3.1119409,101.7539709,,,,
Restoran Yi Kee,3.0823067,101.7339067,,,,
Restaurant Da Jia Cheng,3.0822955,101.7370963,,dim_sum,,
和记海南鸡饭,3.0822967,101.7372763,,,,
U One Wei Xiang Restaurant,3.0822976,101.7376331,,,,
Ah Tan Kitchen,3.0822964,101.7378108,,,,
Dai Be Steam Fish Head,3.0822953,101.7379891,,,,
Restoran One One Eight,3.0788845,101.7179011,,,,
Restoran Nasi Kandar SZ,3.0792246,101.7185146,,,,
觉喜缘素食坊,3.0798825,101.7196653,,,,
Long Chen Toast House,3.057955,101.7480335,"8 8, Jalan 34/154 Taman Bukit Anggerik, Batu 9, 56000 Cheras, Wilayah Persekutuan Kuala Lumpur",,,
Restoran Hakka Marble,3.0579704,101.748079,"10 10, Jalan 34/154, Taman Bukit Anggerik, 56000 Cheras, Wilayah Persekutuan Kuala Lumpur",,,
Long Chen Toast House,3.0579713,101.7479835,"8 8, Jalan 34/154 Taman Bukit Anggerik, Batu 9, 56000 Cheras, Wilayah Persekutuan Kuala Lumpur",,,
Yummylicious Kitchenette,3.1012788,101.741824,,,,
Restoran Shawarma,3.0806002,101.7331753,,middle_eastern,,
Kungfu Ramen,3.0808318,101.733053,,,,
Restoran Kashif,3.0808323,101.732934,,pakistani,,
Restoran Ming Jie,3.0808325,101.7328741,,,,
Luckin Kitchen,3.0808327,101.7328153,,,,
Ming Yang Kopitiam,3.080833,101.7327418,,,,
Xin Soon De Food Stall,3.0806018,101.7330566,,,,
Restoran Ming Yang Kopitiam,3.0806061,101.7327439,,,,
麻辣食代,3.0808367,101.7324849,,,,
Restoran Fook Xing,3.0808379,101.7322412,,,,
STS 3 Noodles,3.0808382,101.7321811,,,,
Gading Nasi Kandar,3.0808385,101.7321199,,,,
Xiang Mimi Mini Bowl,3.0808391,101.7319977,,,,
Mee Tarik Shepherd,3.0805993,101.7324469,,,,
Bep Viet,3.080602,101.7321892,,vietnamese,,
AZA Seafood,3.1084228,101.7393367,,,,
Restoran Ros Sari,3.0550748,101.7590529,,,,
Nana Satay Kajang,3.0558288,101.7572555,,,,
Shawarma Time Kitchen,3.0553352,101.7588499,,,,
Mama Medan,3.0595055,101.7579199,,asian;indonesian;malaysian,11:00,23:00
Warong Asmah,3.0550503,101.7584394,,asian;malaysian,,
O'Canton Dim Sum,3.0623836,101.7581537,,chinese,,
Ah Hia Thai Streets Food,3.0623864,101.757943,,thai,17:00,22:00
Restaurant TST,3.062393,101.7578036,,chinese,11:00,14:30
Restoran SZ Food Corner,3.0626553,101.7587421,,indian,08:00,24:00
New Prosperous Star Restaurant,3.0626635,101.7582851,,chinese,,
Man Xiang Cheng Restaurant,3.0626488,101.7579384,,chinese,11:30,21:30
1 Liu Kopitiam,3.062639,101.757833,,chinese,07:00,17:30
O'Canton Dim Sum,3.0623836,101.7581537,,chinese,,
Ah Hia Thai Streets Food,3.0623864,101.757943,,thai,17:00,22:00
Restaurant TST,3.062393,101.7578036,,chinese,11:00,14:30
Restoran SZ Food Corner,3.0626553,101.7587421,,indian,08:00,24:00
New Prosperous Star Restaurant,3.0626635,101.7582851,,chinese,,
Man Xiang Cheng Restaurant,3.0626488,101.7579384,,chinese,11:30,21:30
1 Liu Kopitiam,3.062639,101.757833,,chinese,07:00,17:30
Planet Nasi Kukus,3.0836905,101.7105842,Jalan 2/125,malaysian,11:00,22:00
Nasi Lemak Tepi Jalan 1996,3.0835783,101.7119476,Jalan 2/125,malaysian,,
Jogja Ayam Gepuk Sungai Besi,3.0599185,101.7104235,Jalan Tasik Utama 7,malaysian,11:00,22:00
Ayam Gepuk Top Globl Bandar Sri Permaisuri,3.101676,101.7126212,,,,
Q House,3.101224,101.7361449,,,,
Thai-Geng Mookata,3.1010881,101.7363087,,thai,,
Hey Yi Dessert,3.100937,101.7364908,,dessert,,
The Sweeds,3.1007075,101.7367889,,western,,
Restoran Tian Xin,3.1005013,101.7370299,,,,
Dai Ka Hou Coffee,3.0895522,101.7353482,,,,
Jin Man,3.0903421,101.7353377,,,,
Lok The Moon,3.0905844,101.7353105,,,,
Hua Nam Kopitiam,3.0907905,101.7346092,,,,
Quack Dessert,3.1020452,101.7424575,,dessert,,
Fortune Chicken Rice,3.1018548,101.7432811,,,,
Yuen Kee Ipoh Steam Fish,3.1015961,101.7431832,,,,
Nasi Ayam Weng Onn,3.1019981,101.7431153,,,,
Liu Kopitiam,3.1023503,101.7332936,,,,
Yew Kee Claypot Bak Kut Teh,3.1019966,101.7330293,,,,
Pork Organs Pepper Soup,3.1025402,101.7332998,,,,
Tian Xiang Chicken Rice,3.101801,101.7327926,,,,
Ah Loong Restaurant,3.1008844,101.7323544,,,,
Loke Yew Road Fish Ball Noodle,3.1006386,101.7323501,,,,
Restoran Hao Yun,3.1004915,101.7325914,,,,
Restoran TTQ,3.1004042,101.7327346,,,,
Kedai Kopi Soon Fatt,3.1007032,101.7327497,,,,
B&B Home Signatures,3.1002282,101.7330092,,,,
Kopitiam New Yulek,3.099291,101.7416616,,,,
Red House 2,3.1049507,101.7396797,2 Jalan Lanchang,,,
Crab Generation,3.0742435,101.7443407,,,,
Sham Baba Nasi Ayam Melaka,3.0742554,101.7445695,,,,
L&S Food Corner,3.0742894,101.7452208,,,,
Neo Steamboat,3.2035127,101.7365065,,chinese,,
Kak Eita Steamboat,3.2035773,101.7365607,,malaysian,,
Pizza Hut,3.1973965,101.7439911,Lot PT 6878 Jalan 8/27,pizza,,
Pizza San Francisco,3.1995602,101.7459219,,,,
Canadian Pizza 2-for-1 Wangsa Maju,3.196799,101.7416491,,,,
Temerloh Catering,3.1979819,101.7426463,Jalan Wangsa Delima 12,malaysian,,
4HappySeasons Restaurant,3.1980551,101.7443018,,,,
HCN,3.2092736,101.75108,,chinese,,
Tiam Fatt,3.2092843,101.7514609,,chinese,,
Sam Thor,3.2091849,101.7513933,,chinese,,
Thurkah,3.2088264,101.7509299,,indian,,
Heng Kee,3.2096539,101.7505972,,chinese,,
New Heong Kee Beggars Chicken,3.2011319,101.7611227,,chinese,,
New Soon Ly,3.1911676,101.727838,,,,
Wing Lung,3.1911805,101.7281811,,chinese,,
Ayam Bing,3.1956394,101.7326362,,chinese,,
Ooi Soon,3.195602,101.7326979,,chinese,,
Little Wok Kitchen,3.2053855,101.7197142,Jalan Taman Ibu Kota,chinese,,
Ah Chay,3.2092599,101.7198316,,chinese,,
Restoran Curry Prata,3.2219075,101.7407296,Jalan E1,,,
Restoran Choice,3.2221148,101.7410251,Jalan E1,,,
NZ Curry House,3.1979644,101.7442939,Jalan Wangsa Delima,,,
TGI Fridays,3.1985543,101.7411658,,american,11:00,23:00
Salam Noodles,3.1981099,101.7422014,,chinese,,
The Manhattan Fish Market,3.1985316,101.7423377,,seafood,11:00,22:00
Octopus Sushi & Thai,3.1982625,101.7412509,,japanese;thai,,
NZ Curry House,3.1971277,101.7415263,Jalan Wangsa Delima 11,mamak,,
Patatimo,3.1969108,101.7411309,Jalan Wangsa Delima 10,malaysian,,
Mee Udang Mak Jah Kuala Sepetang,3.1969565,101.7406303,Jalan Wangsa Delima 10,malaysian,,
Plus Plus Setapak Restaurant,3.2050732,101.7359802,Jalan Metro Wangsa,chinese,,
Restoran Barakath Noor,3.2049305,101.7361492,,mamak,,
Pizza Hut,3.204745,101.736339,Jalan Metro Wangsa,pizza,,
Mali's Corner,3.2070895,101.7192089,,,,
Alfa Maju Curry House,3.2056621,101.7194281,,,,
Flaming Steamboat Buffet,3.205847,101.719329,,,,
Mr Dakgalbi,3.1998676,101.7167392,,,,
Six Inch,3.2000546,101.7169936,,,,
Cloves Dining,3.2004713,101.7174988,,,,
Pat Kin Pat Sun,3.2007395,101.7178519,,chinese,,
Restoran Qudrat,3.2113487,101.7493774,,,,
Dulang Emas Cafe,3.2119358,101.7511726,,,,
Restoran Nasi Kandar Deen,3.20962,101.7521976,,,,
Kedai Ayamas,3.2095614,101.7494555,,,,
Nasi Kandar Aakif Maju,3.2113953,101.7463371,,,,
Sixty9 Islamic Steakhouse,3.2120278,101.7495032,,,,
Nasi Lemak Ajis,3.2134061,101.7549681,,,,
Kafe Fatehah,3.2131679,101.7547825,,,,
Yum Yum Cafeteria,3.2161966,101.7277903,Jalan Malinja,chinese;indian;asian;ice_cream,09:00,17:00
Kungfu Ramen,3.2092753,101.7521351,12 Jalan Bandar 2,asian;chinese;noodles;mee_tarik,,
Loong Kitchen,3.1951168,101.7107698,,chinese,,
Pizza Hut,3.1965767,101.7139949,,pizza,,
Great Chawarma,3.199812,101.7162413,,,,
Restoran Nasi Kandar Beratur 786,3.2104957,101.7465194,Lorong Selangor,,,
Pizza Hut,3.2078637,101.7509158,,pizza,,
Restoran Haji Tapah,3.2077647,101.7504663,,,,
Syed Maju,3.2065411,101.752003,,coffee_shop;malaysian,,
Pops Eatery,3.1989464,101.743994,Jalan Wangsa Delima 1A,pasta,09:00,22:30
Restoran Mohd Chan,3.2091098,101.7504824,,,,
Restoran Sari Ratu,3.2089839,101.7504589,,,,
Satay Yunus,3.2115548,101.7504446,,,,
Hezhou Restaurant,3.2051699,101.7212509,,chinese,,
Restoran Nasi Kandar Deen,3.2134222,101.7123635,,mamak,,
Leng Leng Pork Noodles,3.1988292,101.729296,,chinese,,
Restoran Ali Maju,3.1982947,101.7277993,,malaysian,,
Rumah Makan Patin Pasu,3.2112539,101.7514535,,asian;malaysian,,
Nando's,3.2035327,101.7209058,,chicken;portuguese,,
Restoran Weng Heng,3.1968788,101.7280218,,chinese,,
Canton Kitchen,3.1987999,101.7282075,,chinese,,
Restoran Ipoh Road Hakka Yong Tau Fu,3.1994757,101.7180926,,chinese,,
Restoran Ah Wong Kopitiam,3.2002631,101.7191701,,chinese,,
Kedai Makanan Sky,3.1972337,101.7121487,,chinese,,
Kedai Makanan UCO,3.1975005,101.7120086,,chinese,,
Restoran Wan Yee,3.1977012,101.7118763,,chinese,,
Restoran 1212,3.1981103,101.7119665,,chinese,,
Restoran Long Fatt,3.1952782,101.7126576,,chinese,,
Restoran Arafa Bistro,3.2009396,101.7101986,,,,
Shun Moon Restaurant,3.2007931,101.7100637,,chinese,,
Fakin Seefood,3.2249503,101.7253289,,,,
US Pizza,3.2061407,101.7198591,,pizza,,
Porpelro,3.1962226,101.7276753,,american,,
Jom Bento,3.194685,101.7320755,Lot2-G-43F Jalan 34/26,asian,08:30,20:00
DIYU Steamboat & BBQ-The Sixteen,3.2028885,101.7186975,,,18:00,02:00
I Love Yoo!,3.1980002,101.7420328,"Lot  G-70, Wangsa Walk Mall Jalan Wangsa Perdana 1",chinese;dessert;pastries,10:00,22:00
BananaBro,3.1983047,101.7409874,"G-05, Wangsa Walk Mall Jalan Wangsa Perdana 1",malaysian,10:00,21:00
Restoran Wang Chuang,3.2055042,101.7332889,,chinese,,
Jibby East,3.2262802,101.728729,,western,12:00,22:00
Nasi Kandar Royale Afra,3.201732,101.7178703,,,,
Al-Fariz Maju,3.2010857,101.7176703,,,,
Restoran Amins,3.1804142,101.7439393,,,,
The Brew House,3.2015779,101.7189767,,,,
Mr Wu,3.1986541,101.7152764,,,,
Al-Awwal Maju,3.1980233,101.7287605,,,,
Kafe RCC,3.1977625,101.7286007,,,,
Wallace,3.1980122,101.7118107,,,,
Laochengjie Food,3.1974715,101.7126431,,,,
AllAce,3.2052491,101.7330341,,burger;chicken,,
RDS Restaurant Sdn. Bhd.,3.2051583,101.7329348,,,,
Mee Tarik Muslim,3.205194,101.7329706,,,,
Dáo Desserts Soymilk & Beancurd,3.2054357,101.7332262,,dessert,,
De Mookatha Thai BBQ,3.205382,101.7327119,,hotpot;thai,,
Thai In Mookata,3.2057346,101.7335223,,thai;hotpot,,
Sedap Sedap Manisan,3.205961,101.7332894,,,,
Restoran 10 Mixed Rice,3.2058587,101.7331797,,,,
Q Bistro,3.2227262,101.731306,,,,
Q Bistro,3.2106079,101.7518599,,,,
Sate Kajang,3.2243405,101.7295805,,burger;malaysian,,
Pathoni Tomyam Seafood,3.1813115,101.748453,,,,
Songkhla Tomyam & Western,3.183452,101.7487979,,,,
NikkyJai,3.2116231,101.7515628,,,,
Face To Face Noodle House | 面对面,3.1951919,101.7112705,,chinese,10:00,22:00
Restoran 七星經濟飯（Seven Star Economy Rice),3.1954908,101.7113383,,chinese,10:00,21:00
Restoran Noodle Time,3.0839604,101.6822613,,chinese,,
Happy Sabah Pork Noodle,3.0833246,101.6807499,,,,
Yasin Curry House,3.0874794,101.6636043,77,mamak,,
Shin Zushi,3.0599695,101.6731296,,sushi,,
Wukong,3.088742,101.6743697,,,,
Nando's,3.084672,101.6729549,,chicken;portuguese,,
Ibrahim Maju,3.0687294,101.7055075,,,,
Ipoh Chicken Rice,3.0719847,101.6822101,,,,
Restoran Choy Kei,3.0764816,101.6790236,,chinese,,
Sun Sun Vegetarian,3.0823538,101.6719091,,,,
Al Madina,3.0610385,101.6766262,,,,
Milion Dolar,3.0631376,101.6941928,,,,
Fayz Meetarik X Mala Hot Pot,3.0772103,101.6634596,,,,
Warung Satay Mak Long,3.0769183,101.6622384,,,,
Friendship Cafe,3.0612299,101.6761057,,,,
Kwong Chow,3.0744105,101.6721948,,chinese,,
Double Nine,3.0741962,101.6723691,,chinese,,
New Sun Ho,3.0744292,101.6730343,,chinese,,
OUG Lucky,3.0743917,101.6720982,,chinese,,
Venus Bistro | Sri Steven's Corner,3.0721364,101.6730103,,indian,,
Joo Hing,3.0741425,101.6720635,,chinese,,
Kopitan Classic Penang Passion,3.0718312,101.6723664,,,,
Kenny Rogers Roasters,3.0548171,101.704264,,chicken,,
Eng Huat Kopitiam,3.0745679,101.6726819,,,,
JR Bistro,3.0435786,101.7064492,,arab,,
Oug Jade,3.0738573,101.6728013,,chinese,11:00,15:00
ICON KITCHEN,3.0599316,101.6734785,,,,
Xenri Japanese Cuisine,3.0855497,101.6708442,Jalan Klang Lama,japanese,,
Kedai Kopi Sing Kee,3.0862896,101.6724423,Jalan Klang Lama,chinese,,
Restoran Chong Heng,3.0863188,101.6730858,Jalan Klang Lama,chinese,,
Bidor Veggie Kitchen,3.0819821,101.6701513,,,,
Restoran LFF Seafood,3.080392,101.6707602,,chinese,,
Restoran Gasing Indah Tomyam,3.0881693,101.668316,,malay,,
Restoran Gegar,3.088421,101.6684622,,malay,,
Harisom Seafood,3.088449,101.6685462,,malay,,
Restoran Al-Ummi Al-Rahmah,3.0885468,101.6687142,,malay,,
مطعم نصف القمر,3.0314886,101.7072087,,,,
Sate Kajang Hj Samuri,3.0651179,101.6616036,,satay,11:00,00:15
Foong Lian Claypot Foods Cafe,3.0460507,101.7038775,15 Jalan SR 8/4 Taman Putra Indah,chinese;coffee_shop,,
Bab Alyemen,3.0412461,101.706417,,,,
Wadi Hadramawt,3.041079,101.7074742,,,,
Mi Na Rae,3.0697269,101.6950765,,korean,,
Soon Fatt,3.0683058,101.6904539,,chinese,,
Krathong,3.0692078,101.6925363,,thai,,
Dim Sum,3.0899508,101.6899112,,,,
Restaurant Tasty Wok,3.0613853,101.6761762,"Block 6, No. 5 Jalan Jalil Perkasa 14",chinese,11:00,23:00
Fat 1,3.042053,101.7035724,,,,
Restaurant East of Highway,3.0461574,101.7043932,1 Jalan SR 8/4,,,
Restoran Kari Kepala Ikan Cheong Hin,3.0304704,101.7083738,2 Jalan SP 2/2,,,
Imperial Art Cottage,3.0679494,101.6913045,,,,
Basil Pasta,3.0896945,101.685905,,,12:00,15:00
Bugolgi House,3.070459,101.6930205,,korean,,
Clan Dimsum Restaurant,3.0671063,101.6907289,140 Jalan Radin Anum 1,chinese,,
Restoran 83,3.0678632,101.6863487,33 Jalan 1/149j,chinese,17:00,03:00
Crazy Kopitiam,3.0713322,101.6921717,,asian;malaysian,,
Uncle Jang,3.0711252,101.6922322,,asian;korean,,
Zen n Co,3.0778326,101.6807996,,,,
TAC Yakitori,3.0841409,101.6615239,,japanese;ramen;sushi,,
Patimas,3.0458818,101.6934257,,,,
Little jungle coffee house,3.0880146,101.6813053,,,,
Restoran Pedas Sedap,3.0887796,101.6889805,,chinese,,
Pizza Hut,3.0338026,101.6651083,,pizza,,
T42,3.0600606,101.6674258,,chinese;malaysian;hakka;dessert,,
Restoran Ammar Udang Galah,3.0604013,101.7099258,,malay,,
Nasi Kak Wok Sg. Besi,3.0605121,101.7098103,,malay,,
Restoran Ayam Gepuk Pak Gembus,3.0607397,101.7095715,,indonesian,,
Restoran San Kee,3.0838522,101.6822712,,chinese,,
Restoran Fresh Fried Seafood,3.083491,101.682288,,chinese,,
126 Kopitiam,3.0845689,101.6819687,,chinese,,
Restoran Lim Sheng Claypot Chicken Rice,3.0841488,101.6807422,,chinese,,
Restoran Tai Kar Ho,3.0834016,101.6753406,,chinese,,
Kopitiam 95 Desa Petaling,3.0826755,101.7044727,,chinese,,
Restaurant Ba Hao Dim Sum 8號點心,3.0700748,101.6922122,21 Jalan Radin Bagus 7,chinese;pork;seafood;dim_sum;cantonese,07:30,15:30
Jojo Little Kitchen,3.0694827,101.6942036,,noodle,,
Restoran New Wing Hup,3.0696876,101.7011069,,chinese,,
Veggies World Cafe,3.067968,101.6906733,Jalan Radin Anum 2,chinese,,
PappaRich,3.0315995,101.7084368,Jalan SP 2/1,malaysian,,
珍宝海鲜大酒家,3.0312301,101.7086593,"23-1, 25-1, 27-1 Jalan SP 2/1",chinese,,
Oriental Kopi 华阳,3.0494853,101.6715938,,asian;chinese,10:00,22:00
Loving Cafe,3.0713313,101.6824871,23 Jalan 13/149L,,,
Nasi Kandar Ahlam Maju,3.0365736,101.7072925,,,,
JH Toast House Desa Petaling,3.0828564,101.7036885,16 Jalan 9/125D,steak_house;chinese;asian,,
Pak Hai Kopitiam,3.0683564,101.6921723,46 Jalan Radin Tengah,chinese,,
Restoran Leong Wei,3.0896098,101.6913405,,chinese,,
AJ Bistro Cafe,3.0628625,101.7091724,,,,
Restoran JJ Maju,3.0622199,101.7094759,,,,
Mao Jia Restaurant,3.0896566,101.6865601,,chinese,,
Restoran Bufet Hotpot Cina,3.0677601,101.6921243,,chinese,,
Food Republic,3.050452,101.6703328,,,,
Midam Korean Barbeque,3.0711099,101.6916061,,korean,11:00,22:00
YZ Food Corner,3.0856048,101.6900269,,,,
Bean Jr,3.0502733,101.6716652,"Lot P1.17.00 Level 1 (Orange Zone), Pavilion Bukit Jalil Mall No.2 Persiaran Jalil 8",dessert,11:00,22:00
Restoran Sing Pao Dim Sum,3.0897047,101.6740847,A-16 Jalan Klang Lama,chinese,17:00,02:30
1818 Kopitiam,3.0489617,101.6705338,,chinese,,
Mitsuyado Seimen @ Pavilion Bukit Jalil,3.0497248,101.6711787,Lot 1.68.00 Pavilion Bukit Jalil,,,
Restoran Zheng Hao Chi,3.035641,101.6992507,,,,
Golden Spice Bistro,3.079765,101.6668185,,,,
Cook4U-(我有饭局),3.0753187,101.6771864,,,,
Kejap Food,3.056752,101.704107,,,,
Restoran Sentosa Jaya,3.0806188,101.6618465,,,,
Restoran Chok Kar Chong,3.0843451,101.682239,,chinese,,
Lilly Nguyen Cafe @ Kuchai Lama,3.0894162,101.688712,29-G Jalan Kuchai Maju 11,vietnamese,10:00,01:00
1. Restaurant Facai,3.0674149,101.694268,,,,
Eleven Steak House,3.0822721,101.6723192,65 Jalan Mega Mendung,steak_house,,
Restaurant RBJ Curry House,3.055885,101.6689421,Jalan 14/115C,,,
BananaBro,3.0687317,101.6922363,51 Jalan Radin Tengah,indian,10:00,22:00
San Sann Vegetarian,3.0896844,101.6870539,17 Jalan Kuchai Maju 8,chinese,08:00,21:30
Wagyu Dojo,3.0830668,101.6735922,,japanese,,
Kitchenart,3.0828055,101.6733059,,,,
Hey Yi Dessert,3.0827327,101.6732262,,dessert,,
Mingmom Chinese Cuisine,3.0826219,101.6731048,,,,
The Taste Of Memory,3.0826608,101.6731474,,,,
MangoBox The Big Tree,3.0822959,101.6722944,,,,
Soy Kid Dessert,3.0825307,101.6720713,,dessert,,
Pandan's,3.0827436,101.6718845,,,,
Chef Lee's Noodle House,3.0829066,101.6717353,,,,
Utopia Veggie Cuisine,3.0827494,101.6715666,,,,
Alishah,3.0829098,101.6714143,,,,
Restoran 23,3.0834709,101.6728465,23 Jalan Mega Mendung,,,
SongJu,3.0836182,101.6702674,,,,
Restaurant Four Seas,3.0844717,101.681004,,,,
Restoran Loon Loon,3.0841875,101.6811097,,,,
Raub Curry & Cafe,3.0895667,101.6898797,,,,
Hong Meng Tian Chuang Sdn. Bhd.,3.0898711,101.6863916,,chinese,,
Sushi Mentai,3.089998,101.6866975,,sushi,,
Dessert Lab,3.0899047,101.6882864,,dessert,,
Restoran Tangkak Beef Noodles,3.0897228,101.6876564,,,,
Simply Thai,3.0798228,101.6863029,,thai,,
Ye Look,3.0698292,101.6925208,,seafood;chinese,06:30,22:00
SANSUN BBQ,3.0704033,101.6911338,"45 Jalan Radin Anum, Bandar Baru Sri Petaling",barbecue,,
Warung Anak Bapak,3.0748409,101.706847,26 Jalan 24/141,malaysian,07:00,13:00
ABC Foods Corner Desa Petaling,3.0831725,101.7038609,2 Jalan 1/125D,indian,,
SK.Vilass,3.0751243,101.6610387,,,,
同福小馆,3.0845549,101.7004244,"9-3,Hexa Walk Jalan 2/125",,,
老清朝中国烧烤（大城堡）,3.0700915,101.6936613,29G Jalan Radin Bagus 3,barbecue,,
Yong Hua Restaurant,3.0828981,101.6754048,,chinese,,
Restoran Sen Kee,3.1356283,101.7409249,,chinese,,
Tamarind Springs,3.1700881,101.7706706,Jalan 1 Taman T.A.R,regional,,
Intai-Intai Restaurant,3.1645192,101.7610968,,,,
Oriental Pearl,3.1662268,101.7695757,,,,
Yu Jia Village,3.1520678,101.7506274,,,,
Pelita,3.1587118,101.7504104,,,,
BMS Organics - Be Lohas Healthy Cuisine,3.1331741,101.7519681,,chinese,,
F/W Restaurant,3.1453701,101.7684996,,chinese,,
Great Ocean Restaurant,3.1451229,101.7683018,,chinese,,
Hai Yang Restaurant,3.145252,101.7679683,,chinese,,
Foong Foong Yong Tau Foo,3.1443674,101.763419,621-A Jalan Merdeka,chinese,,
Kah Heong,3.1447373,101.7630716,,chinese,,
Lian Chi,3.1465585,101.762849,,,,
Seong Teck Mui,3.1470863,101.7627387,,chinese,,
Sun Sun,3.1451446,101.7629184,,chinese,,
Loke Yuen,3.1484173,101.7623391,,chicken,,
Heng Huat,3.1482888,101.7624813,,chinese,,
Momma Chicken Rice,3.1477607,101.7611598,,chinese,,
Mei Keng Fatt Seafood,3.1653503,101.7505442,,chinese,,
SKH Riverview,3.1686569,101.7521081,,chinese,,
Sow Mui,3.1654057,101.7499677,,,,
Lim Kee Noodle House,3.1372378,101.7636238,,chinese,,
Nong & Jimmy Thai Seafood,3.1426692,101.7547778,,thai,,
Sek Ka,3.1430709,101.7653109,,chinese,,
Restoran Ampang Loong Foong,3.1392973,101.7644928,343 Jalan Merdeka,chinese,,
Bak Kut Teh,3.1419273,101.7648549,,chinese,,
126 Food Court,3.143572,101.7616336,,chinese,,
Ah Bob Food Court,3.1409742,101.7610515,,chinese,,
9898,3.131638,101.7530452,,chinese,,
Omega Pork Noodles,3.131022,101.7530371,,chinese,,
Fei Por,3.1303632,101.7530666,,chinese,,
Nasi Kandar JR,3.1515661,101.7595017,,,,
Pizza Hut,3.1505484,101.7510181,,pizza,,
Restoran Langgaq Bihun Sup Utara,3.1725313,101.7507155,,malaysian,15:00,23:30
Ampang Yong Tau Foo Hulu Klang,3.163543,101.7519908,,,,
Mamak Cafe,3.151768,101.7603079,,malaysian,,
Restoran Teochew & Hakka,3.1586264,101.7465506,363 Jalan Ampang,chinese,10:00,09:00
Kantin,3.1568794,101.7583404,,,,
Zen Korean BBQ,3.1505088,101.7505578,,,,
LaRiSaTa,3.1582098,101.7464259,,italian,11:00,15:00
818 Restaurant,3.1347758,101.7663069,,,,
688 Korea Restaurant,3.1505396,101.7476866,,,,
Uncle Jang Korean Restaurant,3.1508214,101.7469861,,,,
Keong Kee Bak Kut Teh,3.1316387,101.7539905,,,,
Tsim Tung,3.1304333,101.7554756,,,,
Restoran Thong Kee Cafe,3.1307258,101.7519783,,,,
Pizza Hut,3.1435421,101.7415377,,pizza,,
Restoran Korea Su Ok San BBQ,3.1552116,101.7525579,,korean;barbecue,,
The Origin Cafe,3.1578396,101.7477129,,,,
MySelera,3.1462827,101.7646689,,,,
Shafa Maju,3.1464149,101.7644494,,malaysian,,
Focus Corner,3.1301448,101.7483748,,,18:00,01:00
Raj's Banana Leaf,3.1587958,101.7496003,6 Jalan Mamanda 7,indian;mamak,,
Chalet suisse,3.1545185,101.7511457,,,,
Fatimah Ghous,3.1444038,101.7604782,,,,
Rich Kopitiam,3.1579765,101.7499072,13 Jalan Memanda 7/1,,,
BakeO’Cake,3.159052,101.7469994,,breakfast;coffee_shop;tea;italian;american;diner;cake,09:00,23:00
Arab town restaurant,3.1582097,101.7504469,21-27 Jalan Memanda 4,arab;tea;coffee_shop,11:00,00:45
Empire Sushi,3.1433726,101.7420777,,japanese,,
Restaurant Nice To Eat,3.1391197,101.7571621,,,,
Tin Ha Kopitiam,3.1329337,101.7654537,,,,
Restaurant Tin Ha Kopitiam,3.1329343,101.7654966,Jalan 1,fish;tea;seafood;malaysian;coffee_shop;asian;local;chinese;noodles;curry,07:00,21:00
Kim Kee Nasi Ayam Hailam,3.1604361,101.7536538,1 Jalan Kolam Air Lama,chinese;steak_house;chicken;asian,10:30,22:00
Restoran Tai San Yuan,3.1343151,101.7653019,Jalan 4,ice_cream;coffee_shop;malaysian;noodles;fish_and_chips;curry;fish;hotdog;tea;sausage;seafood;local;chinese,06:30,14:30
Hadramawt Kitchen,3.1596289,101.7449237,314 Jalan Ampang,arab,11:00,23:30
Restoran Thoiba,3.1391413,101.781924,,,,
Restoran Nasi Kandar Al-Shariff,3.146739,101.7662787,,,,
Restoran Jal Dae Ji,3.1553136,101.7524763,,korean;barbecue,,
Restoran Hellofish Sushi,3.1551763,101.7526076,,korean,,
Duksune Fresh Meat Store & Korean BBQ Restaurant,3.1550114,101.7527483,,,,
Kabul Darbar Restaurant,3.1548504,101.7529521,,afghan,07:00,02:00
Tehran Restoran BBQ,3.1557637,101.7517713,,persian,,
Restoran Korean Nak Won BBQ,3.1557312,101.7518434,,korean;barbecue,,
Nando's,3.1588931,101.7504562,,chicken;portuguese,,
Restoran Soon Keng Food Court,3.141112,101.7609836,,,,
Sakura Sushi,3.1314081,101.7543461,,sushi,,
Restoran Udon-ya San,3.1311568,101.7543502,,japanese;udon,,
Restoran MK Corner,3.1307667,101.7516893,,,,
Roti John Championz,3.1734278,101.7463164,,,,
Ayam Penyet Sambalado,3.1456472,101.7645374,,,,
Pizza Hut,3.157706,101.7508492,,pizza,,
Wali's Corner,3.1602267,101.7465569,44 Jalan Ampang Ulu,chinese;asian,09:00,18:00
Sushi King,3.1586309,101.749935,,japanese,,
Nasi Ayam Kuala Lumpur,3.1457104,101.7525306,,malaysian,,
榕商茶餐室,3.1432432,101.7651354,,chinese,,
Rot Thai,3.1796412,101.7428396,,thai,16:00,24:00
Miraj Restaurant,3.1590394,101.7470087,,arab;barbecue;breakfast;coffee_shop;grill;kebab;persian,10:00,10:00
Ayam Ijo Moyan,3.1793972,101.7432193,,,,
Restoran Hasilath Food Corner,3.1786099,101.7432142,,,,
BananaBro,3.1774597,101.7506381,"Lot G42, AEON AU2 Shopping Mall, Jalan Taman Setiawangsa, 37/56, AU2 Taman Keramat",asian;malaysian,10:00,21:00
Pizza Hut,3.1767856,101.7499451,"Lot G55, AEON AU2 Jalan Taman Setiawangsa",pizza,10:00,20:00
Nando's,3.1766448,101.7501524,"Lot G57, AEON AU2 Jalan Taman Setiawangsa",chicken;portuguese,10:00,22:00
Sushi King,3.1766894,101.7503837,"Lot G59, AEON AU2 Jalan Taman Setiawangsa",japanese,10:00,22:00
Pizza Hut,3.1351902,101.7410772,,pizza,,
Nasi Ayam Hailam,3.1589217,101.7517327,,,,
Nasi Kukus Pahlawan Merah,3.1781187,101.742258,,,,
Restoran Sajian Nenda,3.1780985,101.7424187,,,,
Mandy Alyemen,3.1784712,101.7414771,,yemeni;middle_eastern,,
Restoran Al-Bidayah,3.178655,101.7422349,,,,
Sakinah Bistro,3.1790044,101.743877,,,,
Ayam Gepuk Top Global Ampang Utama,3.1549234,101.7512935,C 9-G Jalan Ampang Utama 1/1,,13:00,22:00
DSara Fried Chicken,3.1490868,101.7674748,,,,
Pizza Roma,3.1626189,101.7411098,,italian,,
Nasi Lemak Saleha,3.1423278,101.7419405,,,,
Lubiantan ABC,3.1447618,101.763558,,malaysian,,
Hameediyah Bistro,3.1597445,101.7543533,Jalan Mamanda 10,indian,,
La Juicera,3.1617633,101.7558715,,,10:00,22:00
Pizza Duo,3.1611158,101.7556352,,pizza,,
Nasa Food Corner,3.1349973,101.7411538,,,,
Haji Kalid Bistro,3.1342822,101.7403134,,,,
New Era Restaurant,3.1343325,101.740443,,,,
Mclean Vegetarian,3.1344447,101.740687,,,,
Restoran Perasaan Sedap,3.1340962,101.7403938,,,,
Restoran Pertama,3.1343354,101.7409501,,,,
Restoran Pandan Jaya World,3.1349605,101.7418685,,,,
Village Sang Nyuk Noodle,3.1344846,101.741819,,,,
Lan Zhou Mee Tarik,3.1779083,101.743185,,,,
Aroi Street Food,3.1509882,101.7485374,46 Jalan Sulaiman 1,,,
Cafe Sarawak,3.150986,101.7487154,43A Jalan Sulaiman 1,,,
Restoran Al Madina 2,3.1509902,101.7483698,56 Jalan Sulaiman 1,,,
TS Restaurant,3.1509853,101.7487745,42 Jalan Sulaiman 1,,,
Restoran Long Thai Food,3.1511848,101.7481465,10 Jalan Excella,,,
Dido's Restaurant,3.150641,101.7474447,13,,,
Restoran Jannat Sabat,3.151101,101.748147,9 Jalan Excella,,,
Jiak88 Pandan Jaya,3.133594,101.7403659,,,,
Restoran Al-Sarifa,3.1333737,101.7400227,,,,
Warung Kita,3.1446592,101.7692906,,,,
Ju Xiang Fu Hunan Restaurant,3.1457647,101.7702494,,chinese,,
Warung Pak Leh,3.1473351,101.7654578,,,,
Nasi Kukus Pahlawn Merah,3.1580945,101.7495811,,,,
MZ Nasi Ayam King,3.1462421,101.7693224,,,,
Medan Selera Day Day Restaurant,3.1336546,101.7537164,,,,
Ayam Gepuk Pak Gembus,3.1332427,101.752296,,,,
Nasi Kandar Safa Bistro,3.1329787,101.7513664,,,,
Soru Station,3.1469298,101.76416,"1 Jalan Wawasan 4/4, Bandar Baru Ampang, 68000 Ampang, Selangor",,,
Ayam Gepuk Artisan,3.1420139,101.7418323,,,,
PKS Maju,3.13418,101.7577397,,,,
Al-Naz Maju,2.9152403,101.6508942,,,,
Restaurant Erra,2.9188493,101.6315777,,,,
Restoran Medina,2.9261563,101.6784948,,thai;malay,,
Shahnaz Maju,2.9258292,101.6789241,,mamak,,
Traskun Pakistani Restaurant,2.9249185,101.6510787,,pakistani,,
Salam Noodles,2.926043,101.6514399,Suit 4810-0-42 Persiaran Flora,asian;chinese;oriental,,
Sultan Cuisine Restaurant,2.9263693,101.6510533,,,,
Saba Restaurant,2.9229127,101.6513286,"Suite 0-2, Block A1 Jalan Perdana",middle_eastern,,
Padi House Cafeteria and Deli Cafe,2.9206692,101.6381612,,,,
Royale Nasi Kandar,2.9255414,101.6792852,,,,
Deen Maju,2.9011142,101.631109,,,,
Mee Rebus Johor,2.9407547,101.6754897,,noodle,07:30,21:30
Nam Heong Ipoh,2.928627,101.653911,,chinese,,
Mr. Kabab & Biryani,2.9153546,101.6498204,,pakistani;arab,,
Nasi Kandar Pelita,2.9245607,101.6560139,,,,
Chennai Spice,2.9260832,101.655643,,,,
Restaurant All in All,2.9263007,101.6561552,,,,
Safaa Restaurant,2.922944,101.6516362,,arab;pakistani,,
Corner 23,2.921322,101.657011,,,,
Power Stall,2.9213732,101.6569905,,,,
Sifu Salai,2.9258199,101.6514342,,regional,,
Mr Mee Authentic Xinjiang Cuisine Chinese Muslim Restaurant,2.9262326,101.6514275,,chinese,,
Ayam Getok Mantul,2.9263155,101.6514201,,,,
Restoran Fu Jee Ulu Yam Loh Mee - Cyberjaya 富记正宗福建乌鲁音卤面,2.924438,101.65673,D-G-6 Jalan GC 7,,,
Zam Ikan Bakar,2.9253933,101.6510565,,seafood,,
Nasi Kukus Papa,2.9252221,101.6510515,,,,
Makang,2.9248394,101.6510817,,malaysian,,
Murni Discovery,2.9211991,101.6367794,,,,
Famous Bistro Cafe 2,2.915702,101.6494371,M-G-95 & 96 Lingkaran Cyber Point Barat,,,
Cube Bistro,2.9229169,101.6512434,Unit 4800-0-1 Off Persiaran Multimedia,mamak,,
Aldar Lounge,2.9234323,101.6372623,,,,
Barakat Hotpot,2.9257796,101.6510244,,,,
Face To Face Noodle House,2.9241737,101.6562599,"No 1, Blok E Jalan GC 4",chinese,,
SenjaBrew MY,2.9258242,101.6504221,"E-G-6, CBD Perdana 3 Jalan Perdana",coffee_shop;tea;dessert,21:00,23:00
Ali Habi Nasi Arab,2.9014704,101.6292136,19;20,,,
Ceria Cafe,2.9164709,101.6314852,,,,
Amir Damascus,2.9333779,101.6382259,,arab;kebab;malaysian,,
